{
    "including_bath": false,
    "e1": 0.0,
    "e2": 0.029616179142983003,
    "v": 0.002278167626383308,
    "omega_list": [
        0.009568304030809893,
        0.0029616179142983004,
        0.0018225341011066463,
        0.0006834502879149924
    ],
    "lambda_list": [
        0.003417251439574962,
        0.003417251439574962,
        0.003417251439574962,
        0.003417251439574962
    ],
    "dim_list": [
        10,
        14,
        20,
        30
    ],
    "stop": 0.030755262956174655,
    "n": 32,
    "dim": 30,
    "lambda_g": 0.010251754318724885,
    "omega_g": 0.002278167626383308,
    "lambda_d": 0.005695419065958269,
    "omega_d": 0.00022781676263833078,
    "mu": 0.001139083813191654,
    "tau": 1240.24120009479,
    "t_d": 2480.48240018958,
    "omega": 0.05923235828596601
}